<?xml version="1.0" encoding="utf-8" ?>
<DynamicHelp xmlns="http://msdn.microsoft.com/vsdata/xsd/vsdh.xsd" xmlns:xsi="http://www.w3.org/2000/10/XMLSchema-instance" xsi:schemaLocation="http://msdn.microsoft.com/vsdata/xsd/vsdh.xsd">	
   <LINKGROUP ID="BootstrapSite1" Title="BootstrapSite1 Reference Help" Priority="2100">
      <GLYPH Expanded="vs:/ctxhelp_show.gif" Collapsed="vs:/ctxhelp_hide.gif"/>
   </LINKGROUP>


   <Context>
      <Keywords>
         <KItem Name="BootstrapSite1.Controllers.AboutController" />
      </Keywords>
      <Links>
         <LItem URL="ms-its:BootstrapSite1.chm::/topic_000000000000000C.html" LinkGroup="BootstrapSite1">AboutController Class</LItem>
      </Links>
   </Context>
   

   <Context>
      <Keywords>
         <KItem Name="BootstrapSite1.Models.AppUser" />
      </Keywords>
      <Links>
         <LItem URL="ms-its:BootstrapSite1.chm::/topic_0000000000000025.html" LinkGroup="BootstrapSite1">AppUser Class</LItem>
      </Links>
   </Context>
   

   <Context>
      <Keywords>
         <KItem Name="BootstrapSite1.Context.ApplicationDataContext.AppUsers" />
      </Keywords>
      <Links>
         <LItem URL="ms-its:BootstrapSite1.chm::/topic_000000000000000A.html" LinkGroup="BootstrapSite1">AppUsers Property</LItem>
      </Links>
   </Context>
   

   <Context>
      <Keywords>
         <KItem Name="BootstrapSite1.Context.ApplicationDataContext" />
      </Keywords>
      <Links>
         <LItem URL="ms-its:BootstrapSite1.chm::/topic_0000000000000008.html" LinkGroup="BootstrapSite1">ApplicationDataContext Class</LItem>
      </Links>
   </Context>
   

   <Context>
      <Keywords>
         <KItem Name="BootstrapSite1.Context.ApplicationDataContext.ApplicationDataContext" />
      </Keywords>
      <Links>
         <LItem URL="ms-its:BootstrapSite1.chm::/topic_0000000000000009.html" LinkGroup="BootstrapSite1">ApplicationDataContext Constructor</LItem>
      </Links>
   </Context>
   

   <Context>
      <Keywords>
         <KItem Name="BootstrapSite1.MvcApplication.Application_Start" />
      </Keywords>
      <Links>
         <LItem URL="ms-its:BootstrapSite1.chm::/topic_0000000000000023.html" LinkGroup="BootstrapSite1">Application_Start Method</LItem>
      </Links>
   </Context>
   

   <Context>
      <Keywords>
         <KItem Name="BootstrapSite1.Controllers.BlogController" />
      </Keywords>
      <Links>
         <LItem URL="ms-its:BootstrapSite1.chm::/topic_000000000000000E.html" LinkGroup="BootstrapSite1">BlogController Class</LItem>
      </Links>
   </Context>
   

   <Context>
      <Keywords>
         <KItem Name="BootstrapSite1" />
      </Keywords>
      <Links>
         <LItem URL="ms-its:BootstrapSite1.chm::/topic_0000000000000000.html" LinkGroup="BootstrapSite1">BootstrapSite1 Namespace</LItem>
      </Links>
   </Context>
   

   <Context>
      <Keywords>
         <KItem Name="BootstrapSite1 Reference" />
      </Keywords>
      <Links>
         <LItem URL="ms-its:BootstrapSite1.chm::/topic_0000000000000039.html" LinkGroup="BootstrapSite1">BootstrapSite1 Reference</LItem>
      </Links>
   </Context>
   

   <Context>
      <Keywords>
         <KItem Name="BootstrapSite1.Context" />
      </Keywords>
      <Links>
         <LItem URL="ms-its:BootstrapSite1.chm::/topic_0000000000000007.html" LinkGroup="BootstrapSite1">BootstrapSite1.Context Namespace</LItem>
      </Links>
   </Context>
   

   <Context>
      <Keywords>
         <KItem Name="BootstrapSite1.Controllers" />
      </Keywords>
      <Links>
         <LItem URL="ms-its:BootstrapSite1.chm::/topic_000000000000000B.html" LinkGroup="BootstrapSite1">BootstrapSite1.Controllers Namespace</LItem>
      </Links>
   </Context>
   

   <Context>
      <Keywords>
         <KItem Name="BootstrapSite1.Models" />
      </Keywords>
      <Links>
         <LItem URL="ms-its:BootstrapSite1.chm::/topic_0000000000000024.html" LinkGroup="BootstrapSite1">BootstrapSite1.Models Namespace</LItem>
      </Links>
   </Context>
   

   <Context>
      <Keywords>
         <KItem Name="BootstrapSite1.ViewModels" />
      </Keywords>
      <Links>
         <LItem URL="ms-its:BootstrapSite1.chm::/topic_000000000000002A.html" LinkGroup="BootstrapSite1">BootstrapSite1.ViewModels Namespace</LItem>
      </Links>
   </Context>
   

   <Context>
      <Keywords>
         <KItem Name="BootstrapSite1.Controllers.ContactController.Checkout" />
      </Keywords>
      <Links>
         <LItem URL="ms-its:BootstrapSite1.chm::/topic_0000000000000017.html" LinkGroup="BootstrapSite1">Checkout Method</LItem>
      </Links>
   </Context>
   

   <Context>
      <Keywords>
         <KItem Name="BootstrapSite1.Startup.Configuration" />
      </Keywords>
      <Links>
         <LItem URL="ms-its:BootstrapSite1.chm::/topic_0000000000000029.html" LinkGroup="BootstrapSite1">Configuration Method</LItem>
      </Links>
   </Context>
   

   <Context>
      <Keywords>
         <KItem Name="BootstrapSite1.Startup.ConfigureAuth" />
      </Keywords>
      <Links>
         <LItem URL="ms-its:BootstrapSite1.chm::/topic_0000000000000002.html" LinkGroup="BootstrapSite1">ConfigureAuth Method</LItem>
      </Links>
   </Context>
   

   <Context>
      <Keywords>
         <KItem Name="BootstrapSite1.ViewModels.ManageUserViewModel.ConfirmPassword" />
      </Keywords>
      <Links>
         <LItem URL="ms-its:BootstrapSite1.chm::/topic_0000000000000030.html" LinkGroup="BootstrapSite1">ConfirmPassword Property {BootstrapSite1.ViewModels.ManageUserViewModel}</LItem>
      </Links>
   </Context>
   

   <Context>
      <Keywords>
         <KItem Name="BootstrapSite1.ViewModels.RegisterViewModel.ConfirmPassword" />
      </Keywords>
      <Links>
         <LItem URL="ms-its:BootstrapSite1.chm::/topic_0000000000000038.html" LinkGroup="BootstrapSite1">ConfirmPassword Property {BootstrapSite1.ViewModels.RegisterViewModel}</LItem>
      </Links>
   </Context>
   

   <Context>
      <Keywords>
         <KItem Name="BootstrapSite1.Controllers.ContactController" />
      </Keywords>
      <Links>
         <LItem URL="ms-its:BootstrapSite1.chm::/topic_0000000000000011.html" LinkGroup="BootstrapSite1">ContactController Class</LItem>
      </Links>
   </Context>
   

   <Context>
      <Keywords>
         <KItem Name="BootstrapSite1.Models.AppUser.Email" />
      </Keywords>
      <Links>
         <LItem URL="ms-its:BootstrapSite1.chm::/topic_0000000000000028.html" LinkGroup="BootstrapSite1">Email Property</LItem>
      </Links>
   </Context>
   

   <Context>
      <Keywords>
         <KItem Name="BootstrapSite1.ViewModels.ExternalLoginConfirmationViewModel" />
      </Keywords>
      <Links>
         <LItem URL="ms-its:BootstrapSite1.chm::/topic_000000000000002B.html" LinkGroup="BootstrapSite1">ExternalLoginConfirmationViewModel Class</LItem>
      </Links>
   </Context>
   

   <Context>
      <Keywords>
         <KItem Name="BootstrapSite1.Controllers.OtherController.Faq" />
      </Keywords>
      <Links>
         <LItem URL="ms-its:BootstrapSite1.chm::/topic_000000000000001E.html" LinkGroup="BootstrapSite1">Faq Method</LItem>
      </Links>
   </Context>
   

   <Context>
      <Keywords>
         <KItem Name="BootstrapSite1.FilterConfig" />
      </Keywords>
      <Links>
         <LItem URL="ms-its:BootstrapSite1.chm::/topic_0000000000000003.html" LinkGroup="BootstrapSite1">FilterConfig Class</LItem>
      </Links>
   </Context>
   

   <Context>
      <Keywords>
         <KItem Name="BootstrapSite1.Models.AppUser.FirstName" />
      </Keywords>
      <Links>
         <LItem URL="ms-its:BootstrapSite1.chm::/topic_0000000000000026.html" LinkGroup="BootstrapSite1">FirstName Property</LItem>
      </Links>
   </Context>
   

   <Context>
      <Keywords>
         <KItem Name="BootstrapSite1.Controllers.OtherController.FullWidth" />
      </Keywords>
      <Links>
         <LItem URL="ms-its:BootstrapSite1.chm::/topic_000000000000001C.html" LinkGroup="BootstrapSite1">FullWidth Method</LItem>
      </Links>
   </Context>
   

   <Context>
      <Keywords>
         <KItem Name="BootstrapSite1.Controllers.BlogController.Home1" />
      </Keywords>
      <Links>
         <LItem URL="ms-its:BootstrapSite1.chm::/topic_000000000000000F.html" LinkGroup="BootstrapSite1">Home1 Method</LItem>
      </Links>
   </Context>
   

   <Context>
      <Keywords>
         <KItem Name="BootstrapSite1.Controllers.HomeController" />
      </Keywords>
      <Links>
         <LItem URL="ms-its:BootstrapSite1.chm::/topic_0000000000000019.html" LinkGroup="BootstrapSite1">HomeController Class</LItem>
      </Links>
   </Context>
   

   <Context>
      <Keywords>
         <KItem Name="BootstrapSite1.Controllers.AboutController.Index" />
      </Keywords>
      <Links>
         <LItem URL="ms-its:BootstrapSite1.chm::/topic_000000000000000D.html" LinkGroup="BootstrapSite1">Index Method {BootstrapSite1.Controllers.AboutController}</LItem>
      </Links>
   </Context>
   

   <Context>
      <Keywords>
         <KItem Name="BootstrapSite1.Controllers.ContactController.Index" />
      </Keywords>
      <Links>
         <LItem URL="ms-its:BootstrapSite1.chm::/topic_0000000000000012.html" LinkGroup="BootstrapSite1">Index Method {BootstrapSite1.Controllers.ContactController}</LItem>
      </Links>
   </Context>
   

   <Context>
      <Keywords>
         <KItem Name="BootstrapSite1.Controllers.HomeController.Index" />
      </Keywords>
      <Links>
         <LItem URL="ms-its:BootstrapSite1.chm::/topic_000000000000001A.html" LinkGroup="BootstrapSite1">Index Method {BootstrapSite1.Controllers.HomeController}</LItem>
      </Links>
   </Context>
   

   <Context>
      <Keywords>
         <KItem Name="BootstrapSite1.Controllers.ServicesController.Index" />
      </Keywords>
      <Links>
         <LItem URL="ms-its:BootstrapSite1.chm::/topic_0000000000000021.html" LinkGroup="BootstrapSite1">Index Method {BootstrapSite1.Controllers.ServicesController}</LItem>
      </Links>
   </Context>
   

   <Context>
      <Keywords>
         <KItem Name="BootstrapSite1.Models.AppUser.LastName" />
      </Keywords>
      <Links>
         <LItem URL="ms-its:BootstrapSite1.chm::/topic_0000000000000027.html" LinkGroup="BootstrapSite1">LastName Property</LItem>
      </Links>
   </Context>
   

   <Context>
      <Keywords>
         <KItem Name="BootstrapSite1.ViewModels.LoginViewModel" />
      </Keywords>
      <Links>
         <LItem URL="ms-its:BootstrapSite1.chm::/topic_0000000000000031.html" LinkGroup="BootstrapSite1">LoginViewModel Class</LItem>
      </Links>
   </Context>
   

   <Context>
      <Keywords>
         <KItem Name="BootstrapSite1.ViewModels.ManageUserViewModel" />
      </Keywords>
      <Links>
         <LItem URL="ms-its:BootstrapSite1.chm::/topic_000000000000002D.html" LinkGroup="BootstrapSite1">ManageUserViewModel Class</LItem>
      </Links>
   </Context>
   

   <Context>
      <Keywords>
         <KItem Name="BootstrapSite1.MvcApplication" />
      </Keywords>
      <Links>
         <LItem URL="ms-its:BootstrapSite1.chm::/topic_0000000000000022.html" LinkGroup="BootstrapSite1">MvcApplication Class</LItem>
      </Links>
   </Context>
   

   <Context>
      <Keywords>
         <KItem Name="BootstrapSite1.ViewModels.ManageUserViewModel.NewPassword" />
      </Keywords>
      <Links>
         <LItem URL="ms-its:BootstrapSite1.chm::/topic_000000000000002F.html" LinkGroup="BootstrapSite1">NewPassword Property</LItem>
      </Links>
   </Context>
   

   <Context>
      <Keywords>
         <KItem Name="BootstrapSite1.ViewModels.ManageUserViewModel.OldPassword" />
      </Keywords>
      <Links>
         <LItem URL="ms-its:BootstrapSite1.chm::/topic_000000000000002E.html" LinkGroup="BootstrapSite1">OldPassword Property</LItem>
      </Links>
   </Context>
   

   <Context>
      <Keywords>
         <KItem Name="BootstrapSite1.Controllers.ContactController.OrderConfirm" />
      </Keywords>
      <Links>
         <LItem URL="ms-its:BootstrapSite1.chm::/topic_0000000000000018.html" LinkGroup="BootstrapSite1">OrderConfirm Method</LItem>
      </Links>
   </Context>
   

   <Context>
      <Keywords>
         <KItem Name="BootstrapSite1.Controllers.OtherController" />
      </Keywords>
      <Links>
         <LItem URL="ms-its:BootstrapSite1.chm::/topic_000000000000001B.html" LinkGroup="BootstrapSite1">OtherController Class</LItem>
      </Links>
   </Context>
   

   <Context>
      <Keywords>
         <KItem Name="BootstrapSite1.ViewModels.LoginViewModel.Password" />
      </Keywords>
      <Links>
         <LItem URL="ms-its:BootstrapSite1.chm::/topic_0000000000000033.html" LinkGroup="BootstrapSite1">Password Property {BootstrapSite1.ViewModels.LoginViewModel}</LItem>
      </Links>
   </Context>
   

   <Context>
      <Keywords>
         <KItem Name="BootstrapSite1.ViewModels.RegisterViewModel.Password" />
      </Keywords>
      <Links>
         <LItem URL="ms-its:BootstrapSite1.chm::/topic_0000000000000037.html" LinkGroup="BootstrapSite1">Password Property {BootstrapSite1.ViewModels.RegisterViewModel}</LItem>
      </Links>
   </Context>
   

   <Context>
      <Keywords>
         <KItem Name="BootstrapSite1.Controllers.PortfolioController" />
      </Keywords>
      <Links>
         <LItem URL="ms-its:BootstrapSite1.chm::/topic_000000000000001F.html" LinkGroup="BootstrapSite1">PortfolioController Class</LItem>
      </Links>
   </Context>
   

   <Context>
      <Keywords>
         <KItem Name="BootstrapSite1.Controllers.BlogController.Post" />
      </Keywords>
      <Links>
         <LItem URL="ms-its:BootstrapSite1.chm::/topic_0000000000000010.html" LinkGroup="BootstrapSite1">Post Method</LItem>
      </Links>
   </Context>
   

   <Context>
      <Keywords>
         <KItem Name="BootstrapSite1.Controllers.ContactController.PurchaseTicket_" />
      </Keywords>
      <Links>
         <LItem URL="ms-its:BootstrapSite1.chm::/topic_0000000000000014.html" LinkGroup="BootstrapSite1">PurchaseTicket_ Method</LItem>
      </Links>
   </Context>
   

   <Context>
      <Keywords>
         <KItem Name="BootstrapSite1.Controllers.ContactController.PurchaseTicket__" />
      </Keywords>
      <Links>
         <LItem URL="ms-its:BootstrapSite1.chm::/topic_0000000000000015.html" LinkGroup="BootstrapSite1">PurchaseTicket__ Method</LItem>
      </Links>
   </Context>
   

   <Context>
      <Keywords>
         <KItem Name="BootstrapSite1.Controllers.ContactController.PurchaseTicket___" />
      </Keywords>
      <Links>
         <LItem URL="ms-its:BootstrapSite1.chm::/topic_0000000000000016.html" LinkGroup="BootstrapSite1">PurchaseTicket___ Method</LItem>
      </Links>
   </Context>
   

   <Context>
      <Keywords>
         <KItem Name="BootstrapSite1.FilterConfig.RegisterGlobalFilters" />
      </Keywords>
      <Links>
         <LItem URL="ms-its:BootstrapSite1.chm::/topic_0000000000000004.html" LinkGroup="BootstrapSite1">RegisterGlobalFilters Method</LItem>
      </Links>
   </Context>
   

   <Context>
      <Keywords>
         <KItem Name="BootstrapSite1.RouteConfig.RegisterRoutes" />
      </Keywords>
      <Links>
         <LItem URL="ms-its:BootstrapSite1.chm::/topic_0000000000000006.html" LinkGroup="BootstrapSite1">RegisterRoutes Method</LItem>
      </Links>
   </Context>
   

   <Context>
      <Keywords>
         <KItem Name="BootstrapSite1.ViewModels.RegisterViewModel" />
      </Keywords>
      <Links>
         <LItem URL="ms-its:BootstrapSite1.chm::/topic_0000000000000035.html" LinkGroup="BootstrapSite1">RegisterViewModel Class</LItem>
      </Links>
   </Context>
   

   <Context>
      <Keywords>
         <KItem Name="BootstrapSite1.ViewModels.LoginViewModel.RememberMe" />
      </Keywords>
      <Links>
         <LItem URL="ms-its:BootstrapSite1.chm::/topic_0000000000000034.html" LinkGroup="BootstrapSite1">RememberMe Property</LItem>
      </Links>
   </Context>
   

   <Context>
      <Keywords>
         <KItem Name="BootstrapSite1.RouteConfig" />
      </Keywords>
      <Links>
         <LItem URL="ms-its:BootstrapSite1.chm::/topic_0000000000000005.html" LinkGroup="BootstrapSite1">RouteConfig Class</LItem>
      </Links>
   </Context>
   

   <Context>
      <Keywords>
         <KItem Name="BootstrapSite1.Controllers.ServicesController" />
      </Keywords>
      <Links>
         <LItem URL="ms-its:BootstrapSite1.chm::/topic_0000000000000020.html" LinkGroup="BootstrapSite1">ServicesController Class</LItem>
      </Links>
   </Context>
   

   <Context>
      <Keywords>
         <KItem Name="BootstrapSite1.Controllers.OtherController.SideBar" />
      </Keywords>
      <Links>
         <LItem URL="ms-its:BootstrapSite1.chm::/topic_000000000000001D.html" LinkGroup="BootstrapSite1">SideBar Method</LItem>
      </Links>
   </Context>
   

   <Context>
      <Keywords>
         <KItem Name="BootstrapSite1.Startup" />
      </Keywords>
      <Links>
         <LItem URL="ms-its:BootstrapSite1.chm::/topic_0000000000000001.html" LinkGroup="BootstrapSite1">Startup Class</LItem>
      </Links>
   </Context>
   

   <Context>
      <Keywords>
         <KItem Name="BootstrapSite1.ViewModels.ExternalLoginConfirmationViewModel.UserName" />
      </Keywords>
      <Links>
         <LItem URL="ms-its:BootstrapSite1.chm::/topic_000000000000002C.html" LinkGroup="BootstrapSite1">UserName Property {BootstrapSite1.ViewModels.ExternalLoginConfirmationViewModel}</LItem>
      </Links>
   </Context>
   

   <Context>
      <Keywords>
         <KItem Name="BootstrapSite1.ViewModels.LoginViewModel.UserName" />
      </Keywords>
      <Links>
         <LItem URL="ms-its:BootstrapSite1.chm::/topic_0000000000000032.html" LinkGroup="BootstrapSite1">UserName Property {BootstrapSite1.ViewModels.LoginViewModel}</LItem>
      </Links>
   </Context>
   

   <Context>
      <Keywords>
         <KItem Name="BootstrapSite1.ViewModels.RegisterViewModel.UserName" />
      </Keywords>
      <Links>
         <LItem URL="ms-its:BootstrapSite1.chm::/topic_0000000000000036.html" LinkGroup="BootstrapSite1">UserName Property {BootstrapSite1.ViewModels.RegisterViewModel}</LItem>
      </Links>
   </Context>
   

   <Context>
      <Keywords>
         <KItem Name="BootstrapSite1.Controllers.ContactController.ViewFlights" />
      </Keywords>
      <Links>
         <LItem URL="ms-its:BootstrapSite1.chm::/topic_0000000000000013.html" LinkGroup="BootstrapSite1">ViewFlights Method</LItem>
      </Links>
   </Context>
   

</DynamicHelp>

